t,bbr,C_1111,C_1112,C_1122,C_1222,C_2222,C_1212,eps_1_xx,eps_1_xy,eps_1_yx,eps_1_yy,sig_1_xx,sig_1_xy,sig_1_yx,sig_1_yy,eps_2_xx,eps_2_xy,eps_2_yx,eps_2_yy,sig_2_xx,sig_2_xy,sig_2_yx,sig_2_yy,eps_3_xx,eps_3_xy,eps_3_yx,eps_3_yy,sig_3_xx,sig_3_xy,sig_3_yx,sig_3_yy
0,0.0,49886712957.40695,42861591.79187311,10111583576.473991,-43271520.16114786,49887354450.77669,18973766684.81678,9.999524341941476e-09,-1.3113964889121617e-13,-3.171218094979076e-13,5.973388684339512e-14,498.8449122457562,0.3945995448127758,0.4102977824057893,101.12164533527849,1.530234440964347e-13,1.208815034343755e-12,6.077799393654868e-13,9.999278987486558e-09,101.10860824490013,-0.362891710276956,-0.3785924107370039,498.8381462348222,-8.845307892901055e-13,9.999660096202651e-09,9.999980808340871e-09,7.92904009109528e-13,0.7742404752997242,379.4648062663698,379.4720509626525,-0.7799554684624928
1,0.0,49886712957.40695,42861591.79187311,10111583576.473991,-43271520.16114786,49887354450.77669,18973766684.81678,9.999524341941476e-09,-1.3113964889121617e-13,-3.171218094979076e-13,5.973388684339512e-14,498.8449122457562,0.3945995448127758,0.4102977824057893,101.12164533527849,1.530234440964347e-13,1.208815034343755e-12,6.077799393654868e-13,9.999278987486558e-09,101.10860824490013,-0.362891710276956,-0.3785924107370039,498.8381462348222,-8.845307892901055e-13,9.999660096202651e-09,9.999980808340871e-09,7.92904009109528e-13,0.7742404752997242,379.4648062663698,379.4720509626525,-0.7799554684624928
2,0.0,49886712957.40695,42861591.79187311,10111583576.473991,-43271520.16114786,49887354450.77669,18973766684.81678,9.999524341941476e-09,-1.3113964889121617e-13,-3.171218094979076e-13,5.973388684339512e-14,498.8449122457562,0.3945995448127758,0.4102977824057893,101.12164533527849,1.530234440964347e-13,1.208815034343755e-12,6.077799393654868e-13,9.999278987486558e-09,101.10860824490013,-0.362891710276956,-0.3785924107370039,498.8381462348222,-8.845307892901055e-13,9.999660096202651e-09,9.999980808340871e-09,7.92904009109528e-13,0.7742404752997242,379.4648062663698,379.4720509626525,-0.7799554684624928
3,0.0,49886712957.40695,42861591.79187311,10111583576.473991,-43271520.16114786,49887354450.77669,18973766684.81678,9.999524341941476e-09,-1.3113964889121617e-13,-3.171218094979076e-13,5.973388684339512e-14,498.8449122457562,0.3945995448127758,0.4102977824057893,101.12164533527849,1.530234440964347e-13,1.208815034343755e-12,6.077799393654868e-13,9.999278987486558e-09,101.10860824490013,-0.362891710276956,-0.3785924107370039,498.8381462348222,-8.845307892901055e-13,9.999660096202651e-09,9.999980808340871e-09,7.92904009109528e-13,0.7742404752997242,379.4648062663698,379.4720509626525,-0.7799554684624928
4,0.0005,49883401859.76499,42799078.92993143,10112488079.859137,-42341610.13836974,49884390407.24408,18973497230.15948,9.999625314700624e-09,-2.4964364581523413e-13,-4.515286055740969e-13,1.7722043743380697e-13,498.8087652715972,0.3859434852686304,0.4016379129786203,101.1282433434977,-6.446084142981718e-13,1.5057948807402174e-12,1.1624071787491178e-13,9.99939735101702e-09,101.08840628754596,-0.366409680586423,-0.3821156560805112,498.8155907189131,-1.094504560873012e-12,1.0000023095674564e-08,1.0000108184776889e-08,1.0386353709354864e-12,0.7659530109656514,379.4687229512133,379.475963774766,-0.7469549714387166
5,0.0078,49615461911.75424,69541022.8699919,10116636812.3611,-39013006.17198251,49880995643.93653,18948003912.8281,9.999929263770845e-09,-3.0876437013527033e-13,1.56478109536896e-14,-3.3994055758423893e-13,496.146141244881,0.6478212207954099,0.6633252365993154,101.14784250482296,-4.889149524382574e-13,-4.1528015827798283e-13,1.0437045436814801e-13,9.999919937400493e-09,101.14220545704526,-0.3651347058494881,-0.3808234205825311,498.8024804756137,-3.3313445460169093e-13,1.0000647862843398e-08,1.0000862866310953e-08,1.1898023451836037e-12,1.2899523736882832,378.98513001395344,378.99226192236017,-0.6946893899544652
6,0.0364,48261204728.55089,39443924.477456845,10079695952.173409,-45962569.535196096,49821224998.08421,18778512393.80872,1.0000464804540869e-08,-5.489583574230732e-13,-1.3890102906419634e-13,-3.728362197824208e-13,482.63875770506087,0.3487726351486824,0.3762561139626644,100.78332704750213,4.283983050802513e-13,-3.9978546143826533e-13,-3.799478479118855e-13,9.999571541890732e-09,100.81440829762548,-0.4442188947588741,-0.4590702974820653,498.18708321290114,-1.0469675525150157e-12,1.0000679561667544e-08,1.0000157486963489e-08,1.4625735007491157e-12,0.6932915205850949,375.58243697302754,375.5895133785367,-0.8163412505620999
7,0.0723,46884467946.38838,10332567.695341108,10008495672.446669,-53230046.50741908,49746053427.59536,18576266490.997704,1.0000038561066633e-08,-5.074097379327781e-13,-1.1335292236119905e-13,-5.803550547755055e-13,468.85857156148666,0.0810356847504968,0.1085068375237551,100.05113953641344,1.2082038829645245e-12,4.607047874339442e-13,-1.28535297371886e-13,9.998987108894921e-09,100.14196538327542,-0.4758183482277615,-0.4907963300678708,497.4042891738333,-7.938189349660036e-13,1.0000697447700302e-08,9.999990389137038e-09,1.0132186762840885e-12,0.1549772801394533,371.5349172842868,371.5412519917852,-0.9793908624352962
8,0.1148,45179981599.90127,55655285.82698985,9858336428.854992,-21444328.60782987,49576496991.575645,18300664311.12103,1.0000140389967142e-08,-5.43158445653073e-13,-2.0548556027525615e-13,-1.1982665307403834e-13,451.8275583021084,0.4915311705678686,0.5187493214991887,98.57604632733076,2.175341658996321e-12,-1.072060382186938e-12,-8.282159910821505e-13,9.99890197986387e-09,98.68378611489784,-0.2315805455227183,-0.2462040745472286,495.7093185221854,-8.973145771731593e-13,1.0000998914783518e-08,1.0000016907988865e-08,1.819138531708768e-12,1.0098571700165924,366.02854859409297,366.0352057638708,-0.3518324966184746
9,0.1669,43186249144.82692,69831409.57221952,9631422696.63845,-38317876.65217665,49346164114.27088,17937507537.601994,1.00001790364206e-08,-4.060166116024103e-13,-1.4540689888068022e-13,-1.858651249499891e-13,431.8582401388172,0.6369246899034587,0.6614395158040806,96.30727151687232,-1.2442076546204094e-12,3.648110951479424e-13,-1.3832023364247712e-12,1.0001122614031914e-08,96.26437727049054,-0.3726521420397999,-0.3879206784027545,493.5152039904836,-1.4312058346751425e-14,9.999939471292309e-09,1.0000534965237368e-08,1.2346355533024656e-12,1.3087544725347382,358.7552517228634,358.7620724837953,-0.6871116464243098
10,0.213,41506619193.59901,114445961.0437554,9417345800.267052,-14488174.348615458,49101041098.405495,17609974674.613937,9.999866173233602e-09,-5.875740473525775e-13,-1.04910568504339e-13,-2.620994001990908e-13,415.0593080808522,1.0554767987042173,1.0825819705682995,94.16115185194964,-1.383504642157085e-13,5.820764224142985e-13,1.46952305030781e-12,9.999824183797736e-09,94.16536959488418,-0.1052889996918878,-0.1206868923384648,490.9992816834742,-2.446042253814325e-13,1.0000613797921445e-08,9.999643829453816e-09,1.7653697882159806e-12,2.154653574414348,352.1998721872643,352.2079873883248,-0.1875704917939533
11,0.2622,39715742349.50773,22806223.73598784,9118743946.648098,-52099460.90141714,48752464415.28109,17219049175.08283,9.999832522752913e-09,-8.768577295966513e-13,4.5975554972679736e-14,-2.3947977590658013e-13,397.13145080542085,0.1814041193697669,0.2073004850515258,91.16168514124026,-2.118930193893292e-12,1.863423216733841e-13,-3.603414460540322e-13,9.999378127280573e-09,91.09322830770031,-0.4976838867218928,-0.5133327594907675,487.4920421010997,-6.964468162610364e-14,1.0000605853219904e-08,9.999361651243517e-09,2.0144591656239108e-12,0.4312131298106191,344.3764274555287,344.38440143620915,-0.9066918720280008
12,0.3114,38067066977.204735,-22561186.45985309,8860966230.513641,-54256373.9975061,48455713700.47697,16902369641.03074,9.999732461556964e-09,-4.90700882920825e-13,-1.6103372026718934e-13,-8.7978729616293e-14,380.6535557420588,-0.2323685819948617,-0.2080210341329372,88.6059816150013,-7.825056075036119e-13,5.396444506397351e-13,6.30931710185995e-13,1.0001204984741905e-08,88.58036666982204,-0.485003060460694,-0.5008821201773522,484.6146887972516,-1.5354083082365768e-13,1.0000160756009629e-08,9.999600013363424e-09,1.0981411234827557e-12,-0.4302481159602948,338.0394969237198,338.04711034527463,-0.9791768464769676
13,0.357,36358703921.659805,9442559.55857803,8552345097.53212,-54207847.14383476,48048361238.08181,16544382212.88914,9.999440935021245e-09,-5.40700313504281e-13,-2.9595818506304564e-14,1.2959448527992127e-14,363.5691392046348,0.0723374670580407,0.0940552009427417,85.52732335345944,2.834343046257557e-13,5.935541174451972e-13,-9.742273505104313e-14,1.000085040029102e-08,85.53615535190957,-0.4973064408164134,-0.513267472128564,480.5245128776992,3.2240252024216255e-13,9.999981679856446e-09,9.999734015569575e-09,1.3730709368818057e-12,0.1862613304375451,330.87982136168984,330.8859993218305,-0.973107984766687
14,0.4405,31059825346.46689,312355704.7415528,7202065749.445118,95115639.21345665,46638539205.93822,15490314517.482347,9.999724701511608e-09,-5.609348246179031e-13,2.7497501847442522e-14,-3.498110803056852e-13,310.59570556673617,2.9319525752355986,2.9510533357776523,72.00494693252675,8.382456603028157e-13,7.655052426936321e-14,-3.2702597878584625e-13,1.0000214920123292e-08,72.06423113149158,0.9181678248070732,0.9036519130492512,466.3929207086306,-1.143252313440197e-13,1.0000748072271565e-08,9.999874063362672e-09,2.686294789549248e-13,5.880600831232176,309.81025157031354,309.82124502435767,1.7797877957713486
15,0.4692,28086213655.561337,436386679.8578856,6271306770.68706,180172205.75409323,45785426078.57194,14865144333.14878,9.999455635944644e-09,-6.219777161729735e-13,-1.7206906726889824e-14,-9.299248130404e-13,280.84638437180786,4.0999587507539,4.117800343684829,62.669730606052525,-6.672978094795115e-14,-6.532142424552837e-13,2.14134147994608e-13,9.999319268507456e-09,62.71945370992767,1.7165315906377017,1.7022637924026165,457.8172282600853,-1.0842428033679357e-13,1.000079699373174e-08,9.999585543026045e-09,-1.8533056298764529e-13,8.220032128779998,297.3018278536595,297.3146445798435,3.3681139684326107
16,0.5358,10656236932.032951,1557506547.791312,1550879678.9026375,1292611039.6555548,41998866107.58397,11144373677.100342,9.999171706870063e-09,-9.736583446134457e-13,-1.7874861532090569e-13,1.4980331945646548e-13,106.55405609694232,14.679895126739757,14.681239463951206,15.530995558360468,6.237983147260419e-13,1.2702459834413234e-13,3.9954735422044753e-13,9.999633533166008e-09,15.514674535457848,12.20296362717008,12.189434964113447,419.97558564525497,-3.100298331984508e-13,1.0000300108894657e-08,9.998969654387745e-09,1.7098568893178168e-12,29.35828068453682,222.87349674547588,222.8830735775116,24.41173943503445
17,0.5391,9410978003.783552,1672967474.9036877,1478506538.4632995,1425077293.3430252,41807089531.033226,10793406376.152264,9.999132690977392e-09,-6.324069995222169e-13,-2.198173766647899e-13,-2.439993634275373e-14,94.1022570306098,15.7752906524269,15.776485942932853,14.812941157883373,8.159961637521629e-13,-3.0831332994441843e-14,1.5741670281939692e-14,9.999161238889909e-09,14.791339672739047,13.434967295745802,13.421062735903076,418.0385778021964,-3.608032126390057e-13,1.0000514664797288e-08,9.998772233202384e-09,2.0735525157650136e-12,31.529862882785835,215.85556706326764,215.8625660639869,26.920264572406044
18,0.546,5341539574.763987,1072564558.622628,911225803.3798456,802780566.3758558,41473405088.98804,9289857120.67083,9.999127007276594e-09,-1.1796979817022801e-12,-8.334367253368877e-13,1.4072873166404764e-12,53.410431063977335,10.122216041646093,10.123918708069956,9.15507772603456,-4.4236312459500286e-15,-3.518941040716338e-13,3.726653725439168e-13,9.999309297232092e-09,9.07771962136954,7.563194574169144,7.550539726243729,414.7086182196989,-2.937383826100658e-13,1.0001204498176148e-08,9.99867384170846e-09,2.561015563577481e-12,20.200982360348537,185.78727771872784,185.80070997857723,15.19804753366642
19,0.5474,5298322949.214674,1054081818.245007,907482955.5302212,824578846.9113082,41442145036.13185,9247625563.794403,9.999519421023554e-09,-1.5189805502601497e-12,-6.681709473688006e-13,1.024621112800771e-12,52.97938713319802,9.947023640002294,9.94873207541546,9.113181427941276,-2.423243908521176e-13,5.2465586023705064e-14,-2.9141915777991366e-14,9.999438821164614e-09,9.032817345612669,7.771784257700585,7.759234816053449,414.4012568520572,-1.0804390884900012e-12,1.0001175242596709e-08,9.998550374945056e-09,2.750748001697607e-12,19.83882374995,184.9411272863861,184.95451306327416,15.608527626131307
20,0.551,4165939955.451772,624892987.8836809,579274369.2580802,542284301.8473929,41272791344.68602,8711676309.742931,9.999056989659664e-09,-1.3995648607376502e-12,-9.361075649794674e-13,1.357770740158496e-12,41.65493542513542,5.89697561725451,5.90057005018443,5.829776146019958,-4.326609567015744e-13,-8.845707764171009e-13,-6.075772118521385e-13,9.999401783575794e-09,5.743771090488841,5.090835537069648,5.079538304860631,412.7052174820766,-4.80456898357595e-13,1.000122818663262e-08,9.998899132905155e-09,2.3681507008957548e-12,11.760684546822782,174.22298406564022,174.2420122303059,10.2637442624654
21,0.5519,3663593459.295959,737564618.1010718,441979244.5059532,691814512.3975793,41192910963.32705,8277278256.638323,9.9993076898621e-09,-1.2122606725774484e-12,-4.842277770323196e-13,1.0413953712975349e-12,36.63268325116198,6.964252738234855,6.966972145077457,4.443814445997696,-2.399026183947079e-13,-9.819268891157108e-15,-1.0685709799399076e-13,9.999251602993881e-09,4.389944518066154,6.518520941737002,6.507147776831055,411.90009210721365,-8.731647350860504e-13,1.0001201301510962e-08,9.9980564995982e-09,2.076226039935593e-12,13.876743385576804,165.5283988503841,165.54793551812162,13.08645773084979
22,0.5519,3663593459.295959,737564618.1010718,441979244.5059532,691814512.3975793,41192910963.32705,8277278256.638323,9.9993076898621e-09,-1.2122606725774484e-12,-4.842277770323196e-13,1.0413953712975349e-12,36.63268325116198,6.964252738234855,6.966972145077457,4.443814445997696,-2.399026183947079e-13,-9.819268891157108e-15,-1.0685709799399076e-13,9.999251602993881e-09,4.389944518066154,6.518520941737002,6.507147776831055,411.90009210721365,-8.731647350860504e-13,1.0001201301510962e-08,9.9980564995982e-09,2.076226039935593e-12,13.876743385576804,165.5283988503841,165.54793551812162,13.08645773084979
23,0.5562,3001152060.1833944,459419559.2419794,207585347.62198383,341820347.24601537,40963088752.10335,7650164440.166685,9.999211865205725e-09,-1.6887773994856485e-12,-1.0718153118632865e-12,1.7518082517442993e-12,30.00878627469643,4.330620335799621,4.332694875891543,2.120392156299145,-2.181349449095933e-13,1.6687162249118534e-14,-6.089514623208127e-13,9.999026302376984e-09,2.027879276005016,3.208963831943663,3.1971593574084,409.5919879282872,-7.446824451423681e-13,1.0001418373279925e-08,9.998195825197386e-09,1.9567144444460377e-12,8.646184048363512,152.98825801815667,153.00964430173184,6.48343098509749
24,0.5586,1880365727.354716,660575807.5386672,-44489571.55117796,787780606.9572587,40679724265.13572,6400147520.390978,9.998753874414902e-09,-1.3740862762369873e-12,-1.4325555189100592e-12,1.6022917440962026e-12,18.8011527953087,6.244584999027816,6.242718099434272,-0.4121475761148483,-9.666507740730504e-14,-1.764157537002268e-13,-3.8765315300896164e-13,1.0000147057923586e-08,-0.4775458741413189,7.417003680394807,7.404624534738453,406.8045286029418,-2.646761740401549e-13,1.0000545297825829e-08,9.998656267665289e-09,1.8585885030506603e-12,12.432295959624698,127.98811738240484,128.00323434366237,14.885285132953742
25,0.5591,1782413885.7734592,524955299.9053893,-132780531.33645833,540314317.8207356,40510035614.37344,6076212191.781944,9.999156629799484e-09,-1.412323048033507e-12,-1.1318748611829177e-12,1.2395068017017545e-12,17.82247368775585,4.96742069326248,4.965626403694721,-1.2902543995558582,3.0472037597616365e-13,-3.195459778178658e-13,-3.618213944099168e-13,9.999682853880317e-09,-1.349758031070312,5.085122999196011,5.072302942609204,405.088379258464,-2.4656287126407845e-13,1.00004403292578e-08,9.998219253587217e-09,2.041257405682198e-12,9.875379183966931,121.50750657687186,121.52148409517297,10.215422160144657
26,0.5591,1782413885.7734592,524955299.9053893,-132780531.33645833,540314317.8207356,40510035614.37344,6076212191.781944,9.999156629799484e-09,-1.412323048033507e-12,-1.1318748611829177e-12,1.2395068017017545e-12,17.82247368775585,4.96742069326248,4.965626403694721,-1.2902543995558582,3.0472037597616365e-13,-3.195459778178658e-13,-3.618213944099168e-13,9.999682853880317e-09,-1.349758031070312,5.085122999196011,5.072302942609204,405.088379258464,-2.4656287126407845e-13,1.00004403292578e-08,9.998219253587217e-09,2.041257405682198e-12,9.875379183966931,121.50750657687186,121.52148409517297,10.215422160144657
27,0.5593,1781850997.668961,521579288.9090805,-132659695.03390002,527164646.1303336,40503486862.90984,6057397713.357794,9.998838879765274e-09,-1.5759115404565089e-12,-5.627025628712642e-13,1.6938944516060082e-12,17.81614434625358,4.936804992459991,4.935016416794412,-1.2953249556255897,-4.5390437713120153e-13,-9.291579253402485e-14,-5.287435060078946e-13,1.0000175324249033e-08,-1.3725523783418203,4.963587151582826,4.950784447002396,405.0426529031614,-7.202314336241113e-13,1.0000665706737198e-08,9.99789788040515e-09,1.835775893409884e-12,9.80404353383465,121.13087863438138,121.14491117999792,9.96455697131861
28,0.5614,1491488202.694476,471342361.17074686,-130143533.47149524,652883019.9779654,40444533063.502495,5761322934.218584,9.999093305748861e-09,-1.2635520541911505e-12,-3.5974302703344125e-13,2.1688248200026348e-12,14.913189196869569,4.469001708641766,4.4655723301277765,-1.256797048573744,4.01724874086308e-14,-2.0371921523578632e-13,2.6447482208009176e-13,1.000037389695552e-08,-1.3407356685732494,6.156128323249615,6.144914869771486,404.46135267441736,-7.506159846137528e-13,1.0000441161781346e-08,9.997872183148937e-09,1.9366990763240866e-12,8.853293729769177,115.21383624821,115.21828254459156,12.34131632878814
29,0.5622,1457722710.1251729,397467161.3889365,-173928292.84810996,542111475.944139,40376534483.79253,5593833949.9940605,9.99962870134205e-09,-1.2418278366912798e-12,-4.603513069872139e-13,1.5664005672518317e-12,14.57643531019397,3.7695860375279993,3.7663124073787775,-1.7067726011227369,-1.0349560999582876e-14,4.8871311144022684e-14,-1.8703693975142049e-13,1.0000661619672965e-08,-1.7693789403436953,5.102022933226372,5.090961342765566,403.7930501498368,-6.693319720432478e-13,1.0000434529367636e-08,9.997418552421246e-09,2.487312456914004e-12,7.464709985173679,111.86146493243908,111.86646071585469,10.263224458875118
30,0.5631,1122846649.4805703,111847050.6380272,-306816493.1978655,399504211.4709529,40311829110.54035,5255901325.305295,9.998787840427158e-09,-1.5338127437642817e-12,-3.568259514459111e-13,1.5247949892616528e-12,11.227112671797206,1.06849302780475,1.066082216507177,-3.0347835425744085,-1.3802242473694593e-13,-1.3938277913818805e-13,1.7231966913723036e-13,9.999585767909474e-09,-3.104727410194995,3.757042747201348,3.746431931661985,403.1021415517381,-3.24503745508154e-13,1.000094046101781e-08,9.998248943104792e-09,2.723315338357087e-12,2.0913456739937715,105.11008959814608,105.11707134287934,7.577386706760403
31,0.5631,1122846649.4805703,111847050.6380272,-306816493.1978655,399504211.4709529,40311829110.54035,5255901325.305295,9.998787840427158e-09,-1.5338127437642817e-12,-3.568259514459111e-13,1.5247949892616528e-12,11.227112671797206,1.06849302780475,1.066082216507177,-3.0347835425744085,-1.3802242473694593e-13,-1.3938277913818805e-13,1.7231966913723036e-13,9.999585767909474e-09,-3.104727410194995,3.757042747201348,3.746431931661985,403.1021415517381,-3.24503745508154e-13,1.000094046101781e-08,9.998248943104792e-09,2.723315338357087e-12,2.0913456739937715,105.11008959814608,105.11707134287934,7.577386706760403
32,0.5636,1116987938.2859304,122235373.76138784,-306692975.4054578,402505240.94756126,40310729108.01444,5238862926.173678,9.99928608576162e-09,-1.550062489132474e-12,-7.791619006901203e-13,2.2072322721457097e-12,11.16908779845536,1.165943611103304,1.1635783596451057,-3.01450975126014,-1.0521901510026905e-13,-6.06793753389354e-14,-1.1963828714790808e-13,9.99999521245594e-09,-3.120693655782362,3.7874456827020606,3.776850206349691,403.1073589098834,-2.2210270810470825e-13,1.0001220611391305e-08,9.998569626082518e-09,2.5062299118284443e-12,2.2887209311241308,104.7724163577606,104.77923213637008,7.625870053417345
33,0.5636,1116987938.2859304,122235373.76138784,-306692975.4054578,402505240.94756126,40310729108.01444,5238862926.173678,9.99928608576162e-09,-1.550062489132474e-12,-7.791619006901203e-13,2.2072322721457097e-12,11.16908779845536,1.165943611103304,1.1635783596451057,-3.01450975126014,-1.0521901510026905e-13,-6.06793753389354e-14,-1.1963828714790808e-13,9.99999521245594e-09,-3.120693655782362,3.7874456827020606,3.776850206349691,403.1073589098834,-2.2210270810470825e-13,1.0001220611391305e-08,9.998569626082518e-09,2.5062299118284443e-12,2.2887209311241308,104.7724163577606,104.77923213637008,7.625870053417345
34,0.5664,503979687.2007336,502863685.5433433,-59506674.69816825,-397345244.5510261,39796354508.80407,4120654649.493696,9.999263595412266e-09,-1.5701105586388265e-12,-4.684306757422671e-13,1.5841006679933637e-12,5.039101600361622,4.730472109876125,4.731753114279129,-0.5766955625847449,-2.0190245272722322e-13,5.843854651590752e-14,-2.480128818421346e-13,9.999546754245058e-09,-0.6189152857624072,-3.766821298740446,-3.780358753015451,397.9442790035425,-7.097164341753446e-13,1.0000839167376066e-08,9.998163918548024e-09,3.0018997840502645e-12,9.484879060856075,82.40897816524824,82.40719868605454,-7.441971007550085
35,0.5664,503979687.2007336,502863685.5433433,-59506674.69816825,-397345244.5510261,39796354508.80407,4120654649.493696,9.999263595412266e-09,-1.5701105586388265e-12,-4.684306757422671e-13,1.5841006679933637e-12,5.039101600361622,4.730472109876125,4.731753114279129,-0.5766955625847449,-2.0190245272722322e-13,5.843854651590752e-14,-2.480128818421346e-13,9.999546754245058e-09,-0.6189152857624072,-3.766821298740446,-3.780358753015451,397.9442790035425,-7.097164341753446e-13,1.0000839167376066e-08,9.998163918548024e-09,3.0018997840502645e-12,9.484879060856075,82.40897816524824,82.40719868605454,-7.441971007550085
36,0.5664,503979687.2007336,502863685.5433433,-59506674.69816825,-397345244.5510261,39796354508.80407,4120654649.493696,9.999263595412266e-09,-1.5701105586388265e-12,-4.684306757422671e-13,1.5841006679933637e-12,5.039101600361622,4.730472109876125,4.731753114279129,-0.5766955625847449,-2.0190245272722322e-13,5.843854651590752e-14,-2.480128818421346e-13,9.999546754245058e-09,-0.6189152857624072,-3.766821298740446,-3.780358753015451,397.9442790035425,-7.097164341753446e-13,1.0000839167376066e-08,9.998163918548024e-09,3.0018997840502645e-12,9.484879060856075,82.40897816524824,82.40719868605454,-7.441971007550085
37,0.5664,503979687.2007336,502863685.5433433,-59506674.69816825,-397345244.5510261,39796354508.80407,4120654649.493696,9.999263595412266e-09,-1.5701105586388265e-12,-4.684306757422671e-13,1.5841006679933637e-12,5.039101600361622,4.730472109876125,4.731753114279129,-0.5766955625847449,-2.0190245272722322e-13,5.843854651590752e-14,-2.480128818421346e-13,9.999546754245058e-09,-0.6189152857624072,-3.766821298740446,-3.780358753015451,397.9442790035425,-7.097164341753446e-13,1.0000839167376066e-08,9.998163918548024e-09,3.0018997840502645e-12,9.484879060856075,82.40897816524824,82.40719868605454,-7.441971007550085
38,0.5667,498930499.343275,494371469.8342852,-58630569.526326,-394570277.99342376,39795545490.88783,4108027379.9256754,9.99951958879711e-09,-1.4600592294071473e-12,-5.864888010870104e-13,1.5534705508127837e-12,4.988696062746657,4.649557290657802,4.650824593322295,-0.5666269719927058,2.970708767178346e-15,1.267566989462317e-13,-2.6141750557648377e-13,9.999473840468074e-09,-0.6033111570987338,-3.741632148163217,-3.7551657950246726,397.9332755713104,-7.935384141698408e-13,1.0000842371653681e-08,9.99811879435844e-09,3.061259221254479e-12,9.325027240424884,82.15628867551773,82.15446140609926,-7.387165619727426
39,0.5667,498930499.343275,494371469.8342852,-58630569.526326,-394570277.99342376,39795545490.88783,4108027379.9256754,9.99951958879711e-09,-1.4600592294071473e-12,-5.864888010870104e-13,1.5534705508127837e-12,4.988696062746657,4.649557290657802,4.650824593322295,-0.5666269719927058,2.970708767178346e-15,1.267566989462317e-13,-2.6141750557648377e-13,9.999473840468074e-09,-0.6033111570987338,-3.741632148163217,-3.7551657950246726,397.9332755713104,-7.935384141698408e-13,1.0000842371653681e-08,9.99811879435844e-09,3.061259221254479e-12,9.325027240424884,82.15628867551773,82.15446140609926,-7.387165619727426
40,0.5667,498930499.343275,494371469.8342852,-58630569.526326,-394570277.99342376,39795545490.88783,4108027379.9256754,9.99951958879711e-09,-1.4600592294071473e-12,-5.864888010870104e-13,1.5534705508127837e-12,4.988696062746657,4.649557290657802,4.650824593322295,-0.5666269719927058,2.970708767178346e-15,1.267566989462317e-13,-2.6141750557648377e-13,9.999473840468074e-09,-0.6033111570987338,-3.741632148163217,-3.7551657950246726,397.9332755713104,-7.935384141698408e-13,1.0000842371653681e-08,9.99811879435844e-09,3.061259221254479e-12,9.325027240424884,82.15628867551773,82.15446140609926,-7.387165619727426
41,0.5667,498930499.343275,494371469.8342852,-58630569.526326,-394570277.99342376,39795545490.88783,4108027379.9256754,9.99951958879711e-09,-1.4600592294071473e-12,-5.864888010870104e-13,1.5534705508127837e-12,4.988696062746657,4.649557290657802,4.650824593322295,-0.5666269719927058,2.970708767178346e-15,1.267566989462317e-13,-2.6141750557648377e-13,9.999473840468074e-09,-0.6033111570987338,-3.741632148163217,-3.7551657950246726,397.9332755713104,-7.935384141698408e-13,1.0000842371653681e-08,9.99811879435844e-09,3.061259221254479e-12,9.325027240424884,82.15628867551773,82.15446140609926,-7.387165619727426
42,0.5667,498930499.343275,494371469.8342852,-58630569.526326,-394570277.99342376,39795545490.88783,4108027379.9256754,9.99951958879711e-09,-1.4600592294071473e-12,-5.864888010870104e-13,1.5534705508127837e-12,4.988696062746657,4.649557290657802,4.650824593322295,-0.5666269719927058,2.970708767178346e-15,1.267566989462317e-13,-2.6141750557648377e-13,9.999473840468074e-09,-0.6033111570987338,-3.741632148163217,-3.7551657950246726,397.9332755713104,-7.935384141698408e-13,1.0000842371653681e-08,9.99811879435844e-09,3.061259221254479e-12,9.325027240424884,82.15628867551773,82.15446140609926,-7.387165619727426
43,0.5667,498930499.343275,494371469.8342852,-58630569.526326,-394570277.99342376,39795545490.88783,4108027379.9256754,9.99951958879711e-09,-1.4600592294071473e-12,-5.864888010870104e-13,1.5534705508127837e-12,4.988696062746657,4.649557290657802,4.650824593322295,-0.5666269719927058,2.970708767178346e-15,1.267566989462317e-13,-2.6141750557648377e-13,9.999473840468074e-09,-0.6033111570987338,-3.741632148163217,-3.7551657950246726,397.9332755713104,-7.935384141698408e-13,1.0000842371653681e-08,9.99811879435844e-09,3.061259221254479e-12,9.325027240424884,82.15628867551773,82.15446140609926,-7.387165619727426
44,0.5671,495544515.0483567,488670122.6701377,-59644982.621968016,-399938424.7824299,39793220972.40246,4099506860.555527,9.99897280113088e-09,-1.631286888014281e-12,-9.804526605027349e-13,2.110174208445483e-12,4.954648337516156,4.594081508945487,4.595366503748608,-0.5638744141125243,-2.0570972071238122e-13,1.2571210753396226e-13,-8.928292380607129e-13,9.999976972105036e-09,-0.6345404803583349,-3.7962872609889153,-3.80980550805118,397.9300793208941,-6.515847309839602e-13,1.0000954215979629e-08,9.998228804639581e-09,2.855876246567428e-12,9.22000588718655,81.98674996097768,81.98499358317287,-7.498567392836184
45,0.5674,495542664.8075816,488771551.33450174,-62069238.43472435,-399594362.680904,39792322661.26238,4099172047.563224,9.999131745223784e-09,-1.0211325294416044e-12,-3.9682120866897697e-13,1.4310514651812289e-12,4.954584580457744,4.597776178909411,4.599061040512565,-0.6010572427202434,1.113034998265762e-13,2.093343750076474e-13,-2.957167364771888e-13,1.0000018047509174e-08,-0.6336298903054104,-3.791440437811617,-3.804958706786648,397.92288693521374,-8.808305639002327e-13,1.000078469554192e-08,9.997933566431909e-09,2.5454914149214904e-12,9.217379164843331,81.97844414797899,81.97668632805502,-7.483290376985436
46,0.5674,495542664.8075816,488771551.33450174,-62069238.43472435,-399594362.680904,39792322661.26238,4099172047.563224,9.999131745223784e-09,-1.0211325294416044e-12,-3.9682120866897697e-13,1.4310514651812289e-12,4.954584580457744,4.597776178909411,4.599061040512565,-0.6010572427202434,1.113034998265762e-13,2.093343750076474e-13,-2.957167364771888e-13,1.0000018047509174e-08,-0.6336298903054104,-3.791440437811617,-3.804958706786648,397.92288693521374,-8.808305639002327e-13,1.000078469554192e-08,9.997933566431909e-09,2.5454914149214904e-12,9.217379164843331,81.97844414797899,81.97668632805502,-7.483290376985436
47,0.5674,495542664.8075816,488771551.33450174,-62069238.43472435,-399594362.680904,39792322661.26238,4099172047.563224,9.999131745223784e-09,-1.0211325294416044e-12,-3.9682120866897697e-13,1.4310514651812289e-12,4.954584580457744,4.597776178909411,4.599061040512565,-0.6010572427202434,1.113034998265762e-13,2.093343750076474e-13,-2.957167364771888e-13,1.0000018047509174e-08,-0.6336298903054104,-3.791440437811617,-3.804958706786648,397.92288693521374,-8.808305639002327e-13,1.000078469554192e-08,9.997933566431909e-09,2.5454914149214904e-12,9.217379164843331,81.97844414797899,81.97668632805502,-7.483290376985436
48,0.5674,495542664.8075816,488771551.33450174,-62069238.43472435,-399594362.680904,39792322661.26238,4099172047.563224,9.999131745223784e-09,-1.0211325294416044e-12,-3.9682120866897697e-13,1.4310514651812289e-12,4.954584580457744,4.597776178909411,4.599061040512565,-0.6010572427202434,1.113034998265762e-13,2.093343750076474e-13,-2.957167364771888e-13,1.0000018047509174e-08,-0.6336298903054104,-3.791440437811617,-3.804958706786648,397.92288693521374,-8.808305639002327e-13,1.000078469554192e-08,9.997933566431909e-09,2.5454914149214904e-12,9.217379164843331,81.97844414797899,81.97668632805502,-7.483290376985436
49,0.5676,490885020.3226528,479716518.4971834,-61167438.32357828,-396172385.636312,39791868602.27154,4083403006.0091367,9.999324854816404e-09,-1.1498925517427237e-12,-5.819522289419324e-13,9.337901525529277e-13,4.908126324463105,4.514103567122317,4.515377968121674,-0.6010243450141067,8.731003940674435e-14,2.0807696269531042e-13,-3.0705604712933385e-13,9.999942547969185e-09,-0.6167802276084682,-3.760333500478085,-3.773846281242392,397.9153051350165,-8.575002031032518e-13,1.0000836574346518e-08,9.998008148517565e-09,2.753528090394611e-12,9.045329243232278,81.6634985459575,81.66169257059228,-7.416679726820908
50,0.5676,490885020.3226528,479716518.4971834,-61167438.32357828,-396172385.636312,39791868602.27154,4083403006.0091367,9.999324854816404e-09,-1.1498925517427237e-12,-5.819522289419324e-13,9.337901525529277e-13,4.908126324463105,4.514103567122317,4.515377968121674,-0.6010243450141067,8.731003940674435e-14,2.0807696269531042e-13,-3.0705604712933385e-13,9.999942547969185e-09,-0.6167802276084682,-3.760333500478085,-3.773846281242392,397.9153051350165,-8.575002031032518e-13,1.0000836574346518e-08,9.998008148517565e-09,2.753528090394611e-12,9.045329243232278,81.6634985459575,81.66169257059228,-7.416679726820908
51,0.5686,490799688.63194114,479651590.38649297,-58918144.75541057,-397820592.4097112,39743970094.15903,4082988432.815158,9.999132784262856e-09,-8.964607410216375e-13,-6.710335734410224e-13,2.137025589221141e-12,4.907150169178696,4.51348105607576,4.514761988177157,-0.572466721507258,-6.520648553761892e-13,4.785959126363851e-13,-2.0611473590920642e-13,1.0000250802639652e-08,-0.6292043594940224,-3.7691423163230646,-3.78255411800814,397.4485878278195,-1.0156970180205451e-12,1.000077173093138e-08,9.998347577612676e-09,2.517505257761257e-12,9.043290848390496,81.65625334233474,81.6544698272419,-7.448283816116465
52,0.5783,490566403.9424845,478976898.571292,-62434802.86915225,-412656971.019088,39405157443.34638,4078142982.114069,9.998736082334341e-09,-1.2303839535954333e-12,-7.41003459525032e-13,1.927440685642921e-12,4.905135863689278,4.5080194586401285,4.5093055646288365,-0.6085746422351945,-4.873212627420401e-13,-5.716181010702405e-13,6.081771882723363e-14,1.00003116496549e-08,-0.6570676367972466,-3.912272715073335,-3.9254813251986542,394.0626021512727,1.377034818471315e-13,1.000083858760828e-08,9.998612104635573e-09,2.8906139110838965e-12,9.038617293483297,81.56080065286898,81.55905304966376,-7.737641707290856
53,0.6254,487867419.89355,468356911.903748,-90813849.50140353,-547183051.9121339,36998847595.04344,4023132382.795388,9.999128044571205e-09,-2.035837231474365e-12,-1.3631142311890446e-12,1.835188733752452e-12,4.87706071823271,4.397611200282727,4.39904880602623,-0.9033913489391946,-7.138363160047439e-13,-3.29334817708378e-13,-2.4693400381813093e-13,1.0000162058844724e-08,-0.9356660987221158,-5.177343221925195,-5.188795283910965,369.9928966039053,-2.8476757106434858e-12,1.0001016866496861e-08,9.999185260102004e-09,2.722443029235453e-12,8.825096248954413,80.46260813296692,80.46189993207805,-10.280800443464994
54,0.6848,462018160.31601965,390379317.5548294,-80396524.43365785,-326659290.1686046,34489811044.60822,3214650661.1977053,9.999728358957852e-09,-1.0868085675023312e-12,-1.1522178219489438e-12,2.1269790000703933e-12,4.619655011644283,3.67343138304748,3.6746170880494935,-0.7810812880359286,-3.2359536182812306e-13,2.910853216604125e-13,-1.4596646654758377e-13,1.0000708402984368e-08,-0.8354951905989932,-3.0912003147032103,-3.101276594444476,344.9213510808253,-1.16037873523543e-12,9.999604041279684e-09,9.99822793721618e-09,3.2803463517759578e-12,7.35918714461287,64.28873343135339,64.28161563571976,-6.117928435930628
55,0.7573,460870620.0310152,390756466.2166837,-86585724.22025138,-297389849.45340616,30735013926.896908,3097313596.508776,9.999349297464069e-09,-9.109242301767725e-13,-5.805371271485534e-13,2.6527996569421084e-12,4.608114755704128,3.6785362845949976,3.679775602510156,-0.8384984867028056,-1.569720731319472e-13,8.979361283558514e-14,-1.961035548739028e-13,9.999971580658869e-09,-0.8956162540142975,-2.819511376814688,-2.829283024614301,307.34833318742216,-8.282575910992476e-13,1.0000571529635327e-08,9.999854791860167e-09,2.466464362090916e-12,7.367322379206269,61.95105204033076,61.943092504667575,-5.571434827790547
56,0.8034,459970398.0160557,388123635.18090713,-94159553.62061489,-323817180.2200517,28296763917.07033,3078799612.45551,9.999397598970926e-09,-7.673330729037508e-13,-2.279541190980531e-13,2.364221613451095e-12,4.599071323713114,3.654489669580177,3.655730677147977,-0.9201834666056464,-4.588079999520906e-13,7.832495688940007e-14,-6.008801414067537e-14,1.0000290474282574e-08,-0.9735821282980988,-3.064575335636919,-3.073181746061457,282.9748290843247,-1.0884230596617685e-12,1.0000498539285464e-08,9.998222513645161e-09,2.614106948990269e-12,7.315356724379453,61.57569735170817,61.56767202631992,-6.0719014216786125
57,0.8842,392103556.4306321,514302980.3455795,-295874496.0190417,-244260474.12324345,20538959895.57139,2411090558.247616,9.998961460143776e-09,-1.806196127201649e-12,-8.344214354340421e-13,1.2998484458935213e-12,3.9201821633841134,4.842485911206135,4.844581451086894,-2.955561442023773,-3.0860908136019684e-13,-4.397906258098053e-13,-2.0498578932906898e-13,9.99989040159418e-09,-2.9656656006505338,-2.32131273378946,-2.319381144774715,205.3862489008624,-1.1096735729497285e-12,1.0001684461043376e-08,1.0000587986532976e-08,3.0869570763678348e-12,9.697062320204289,48.231439337902,48.22087514760285,-4.57867868831406
58,0.9116,388778888.2941456,504972383.2122413,-297576141.0455704,-221258637.8261852,18473236715.039886,2381345021.4880567,9.998816839951983e-09,-2.954911984719991e-13,-4.790029037337839e-13,1.5793672285276e-12,3.8872018328338753,4.760670723367764,4.76284300756022,-2.9741168076276656,-5.491782879058433e-13,5.958619757293036e-13,-4.707550282323673e-13,9.999613505252552e-09,-2.984608575656043,-2.0998033049302647,-2.098769806437208,184.7239928907045,-6.100869523315974e-13,9.999469942658875e-09,9.999784370311025e-09,3.639840597532009e-12,9.516868486945558,47.62981692007902,47.6196430795382,-4.138503900973126
59,0.9662,371206898.46358,439297060.7825943,-359605825.0817238,-437933937.7568636,5819632656.459245,2144890001.884631,9.999466503028464e-09,-3.5546862313227405e-13,-7.07250250672714e-13,2.826406300540513e-12,3.712135772711127,4.145654041667575,4.148599851802639,-3.574615536221811,-2.730908376920208e-13,7.102314372270468e-13,-3.0388463809484e-13,9.99987214213785e-09,-3.6174728647531103,-4.128467862214967,-4.131016049339578,58.19406634116341,4.0304103905656434e-13,1.0000174193568402e-08,9.999132549567452e-09,1.1960869138536997e-12,8.27916940366192,42.89823557125742,42.893175447674125,-8.24780649429781
60,0.9722,127446944.40054809,82192675.81941439,9163192.281863425,258776294.8159688,3895904512.1321454,1285800467.8354895,9.9994693949153e-09,-1.0927169193364976e-12,2.0804350782536605e-13,1.4746986683011445e-12,1.2744538258909437,0.7950422386688576,0.7952561044707754,0.098935013096114,-1.272421271776156e-13,5.960982122324249e-13,2.212557193100324e-14,9.999506603267708e-09,0.0843319933366416,2.4394950183354305,2.4429993943378308,38.95761672362108,6.697665004139954e-13,1.0000500429550878e-08,9.999339107809796e-09,1.972662667166945e-12,1.5311301880325627,25.722125811827294,25.70964658617122,4.884290380988659
61,0.9741,127219404.52817143,79269207.45509656,4313997.254613996,185320630.8613,2790811085.614376,1248147363.3395505,9.999236397541034e-09,-1.810485186708679e-12,-4.151278597201946e-13,7.67899172278572e-13,1.2721471006888676,0.7665289978344234,0.7668254611616077,0.0490421576623901,-2.936547479986422e-13,3.052093581669438e-13,-3.784294541264857e-13,9.999068658979138e-09,0.0368114882109206,1.742243606415986,1.7487843775945362,27.905936620250834,6.73371111542487e-13,1.0001528429375851e-08,9.999614799260348e-09,2.4180756409572325e-12,1.476762229569139,24.96920761599105,24.95918681050805,3.5019623365724515
62,0.9748,127146730.23550576,78800936.92325954,7566942.885665944,205776637.67463803,2647458138.790049,1245167555.0954237,9.999766785315604e-09,-1.5733663862232798e-12,-4.204656930589584e-13,8.110183732349569e-13,1.2714351186039137,0.7614097415572509,0.7616999651773676,0.0829854352248565,1.2580895915722428e-13,6.864409360098573e-13,-3.111023128537132e-13,9.998828013452558e-09,0.0689747075842769,1.9370050398505607,1.943859867592836,26.47200751541176,-4.6888856858299484e-14,1.0000868001874824e-08,9.998535886400424e-09,2.697654282176189e-12,1.4670221477449443,24.907596914786872,24.89747389158749,3.8866242529118527
63,0.9796,127169256.57906356,78717135.8894165,6675516.98613466,183770780.7295049,2512341658.77927,1241481615.0593677,9.999074213160068e-09,-1.4202846486234788e-13,-1.1601114869168545e-12,1.6035919087023422e-12,1.2715400030366013,0.7611956909626018,0.761475928562615,0.0725158188016898,-2.476551234997517e-13,1.1283639382333438e-12,-2.81321886118857e-13,9.998471439571868e-09,0.0607150411517783,1.7304130271576073,1.7367489081590857,25.12011106955609,-4.339698385829735e-13,9.999210471693729e-09,9.999221709400837e-09,3.029445055809875e-12,1.4636826041388795,24.832872657726885,24.82260186096909,3.472393100422117
64,0.981,127183060.65564272,78713664.8245877,6522198.999039338,182160029.80948487,2499291153.509471,1241131002.6335735,9.999005432219093e-09,-1.167851555910581e-12,-4.469904766243616e-13,8.014101788821249e-13,1.2716611963767106,0.7611522311718838,0.7614415010331772,0.071522527500464,3.302577122100168e-13,5.755755993098847e-13,-4.834983420364394e-13,9.998355393395622e-09,0.0599767984101589,1.7156420518404558,1.7219538254340414,24.98936527543727,-5.945484831998336e-13,1.0000525491070133e-08,9.999451040439698e-09,3.2544674799689334e-12,1.4634503959449277,24.82762456402192,24.817352334127204,3.441205173780464
65,0.9824,127157147.80928862,78603485.45603044,6659717.971869802,183109170.88892013,2492244274.43138,1240905113.9755447,9.998722151978446e-09,-1.0163901384329874e-12,-2.854708028542681e-13,1.2082154296155326e-12,1.2713918464625364,0.7588725637706899,0.7591640550718365,0.0730924533610067,-1.057809032098878e-13,4.397357412602774e-13,-2.2658356059375957e-13,9.998736320423262e-09,0.0601422271965906,1.7252569468201624,1.7315440576574843,24.91976624039274,-2.1571074857111882e-13,1.0000943239934217e-08,9.999027677916557e-09,2.694169120331954e-12,1.4633819424585148,24.82313805075352,24.812877279246507,3.457395345345488
66,0.9843,127147271.5400244,78522527.6988643,6002554.009109534,175187624.06161144,2395738518.9404964,1238998219.5385125,9.999863591448631e-09,-1.2961958232552286e-12,-5.842578261548703e-13,8.057860502542869e-13,1.2714655142164109,0.7597225218545383,0.760009527702719,0.0655705555376844,-1.823435750867175e-13,8.248691087855513e-13,-2.070087545309793e-13,9.998216828999218e-09,0.0544333548206585,1.6484995697293918,1.6546685102939802,23.953714923227828,1.4910025473393168e-13,1.0000461528183238e-08,9.998861241550504e-09,3.6181720949148495e-12,1.4612324720700578,24.78421458846564,24.773965445578654,3.312643647139756
67,0.9938,126985852.09655549,75239853.99935682,-1061321.134645216,30419763.771632727,1260162818.6976514,1173080391.3254642,9.999717999503632e-09,-7.806273972538257e-13,-9.55135575544014e-13,9.64636262885234e-13,1.2698156246590036,0.7249417959966648,0.7252404232438711,-0.0022807906796466,1.3809563303065653e-13,5.618603978629671e-13,-1.6805995079848444e-13,9.998837823067497e-09,-0.0184565832417311,0.2855097489846544,0.2899940495300836,12.600238965715093,-9.721708277050996e-14,1.0000506983068144e-08,9.999043007184126e-09,2.6819318718453645e-12,1.4026270149475044,23.46576028547553,23.45617862495461,0.5792532152285468
68,0.9969,126820146.33389305,71567586.00818996,-9133425.131509822,-154708802.9991409,548864365.3707613,1098313877.1643229,9.999510706811164e-09,-7.209789537632088e-13,-6.89858684006217e-13,1.069743859742393e-12,1.2681761294259164,0.6850532034592656,0.6853674353349132,-0.0919832535697018,-2.0797681120168034e-13,6.862672691135462e-13,-3.0414529456660233e-13,9.998002977081555e-09,-0.0904824466599271,-1.4572810961281633,-1.4535053396809177,5.487044457932035,5.077549551889425e-13,1.0000028148669622e-08,9.999558144318036e-09,3.390104308935968e-12,1.340031865051186,21.9702678624181,21.961077973050404,-2.9121179694941466
69,0.9974,126477739.91635469,66068554.45497595,-6663146.231298924,-116455565.8093311,479372185.2971461,1021241511.650054,9.999605675930702e-09,-7.250574032485327e-13,-8.585199871617135e-13,1.3313398817336137e-12,1.2647525229847116,0.6331123961504654,0.6335545858644548,-0.0671937422188927,-2.0334591613355932e-13,7.09670854793573e-13,-2.8166774351958533e-13,9.998019764255765e-09,-0.0658305459491132,-1.0966850595448216,-1.0937035731071738,4.792430790848032,3.729318880686549e-13,1.0000073053863548e-08,9.99971175359491e-09,3.040644133094931e-12,1.236016723281124,20.4271580230181,20.42177320455356,-2.191736638997181
70,0.9974,126477739.91635469,66068554.45497595,-6663146.231298924,-116455565.8093311,479372185.2971461,1021241511.650054,9.999605675930702e-09,-7.250574032485327e-13,-8.585199871617135e-13,1.3313398817336137e-12,1.2647525229847116,0.6331123961504654,0.6335545858644548,-0.0671937422188927,-2.0334591613355932e-13,7.09670854793573e-13,-2.8166774351958533e-13,9.998019764255765e-09,-0.0658305459491132,-1.0966850595448216,-1.0937035731071738,4.792430790848032,3.729318880686549e-13,1.0000073053863548e-08,9.99971175359491e-09,3.040644133094931e-12,1.236016723281124,20.4271580230181,20.42177320455356,-2.191736638997181
71,0.9976,126261063.04384562,62890659.91613352,-6551103.386947675,-113701441.10189351,468177770.55222017,977064937.247972,9.999985434831109e-09,-1.1094703641924413e-12,-6.801012970298918e-13,1.044601738387646e-12,1.26262232255927,0.6023493147109903,0.6028546742128701,-0.0665683683594167,-2.970738397046572e-13,6.672045765287874e-13,-1.1147788718782777e-13,9.998112863469807e-09,-0.0642687940476524,-1.070475145233441,-1.0675557465886991,4.680532978484807,1.9152223421842e-13,1.0000618912300128e-08,9.999442317953761e-09,3.315862658352164e-12,1.1765378214350946,19.542983396987434,19.5394039688024,-2.139806787563614
72,0.9976,126261063.04384562,62890659.91613352,-6551103.386947675,-113701441.10189351,468177770.55222017,977064937.247972,9.999985434831109e-09,-1.1094703641924413e-12,-6.801012970298918e-13,1.044601738387646e-12,1.26262232255927,0.6023493147109903,0.6028546742128701,-0.0665683683594167,-2.970738397046572e-13,6.672045765287874e-13,-1.1147788718782777e-13,9.998112863469807e-09,-0.0642687940476524,-1.070475145233441,-1.0675557465886991,4.680532978484807,1.9152223421842e-13,1.0000618912300128e-08,9.999442317953761e-09,3.315862658352164e-12,1.1765378214350946,19.542983396987434,19.5394039688024,-2.139806787563614
73,0.9979,125657962.7025957,52615660.98068285,19719.54702751652,-2161421.764613362,172840939.1284712,829938462.8736439,9.999969257517409e-09,-9.080267509209664e-13,-6.326038869733947e-13,1.3290094489782418e-12,1.2565873002105412,0.507369564768768,0.5080807730235445,-0.0008305320476382,-3.664208047379426e-13,5.211584563323056e-13,-3.288347689317864e-13,9.998227648234246e-09,0.0014678845425157,-0.0183315075850311,-0.0178041387418255,1.7280982918740508,2.2635077537366226e-13,1.0000444780843087e-08,9.999621919219577e-09,2.7471517734894728e-12,0.9807496224912589,16.59739159418784,16.600105767070662,-0.0383521172789528
74,0.9979,125657962.7025957,52615660.98068285,19719.54702751652,-2161421.764613362,172840939.1284712,829938462.8736439,9.999969257517409e-09,-9.080267509209664e-13,-6.326038869733947e-13,1.3290094489782418e-12,1.2565873002105412,0.507369564768768,0.5080807730235445,-0.0008305320476382,-3.664208047379426e-13,5.211584563323056e-13,-3.288347689317864e-13,9.998227648234246e-09,0.0014678845425157,-0.0183315075850311,-0.0178041387418255,1.7280982918740508,2.2635077537366226e-13,1.0000444780843087e-08,9.999621919219577e-09,2.7471517734894728e-12,0.9807496224912589,16.59739159418784,16.600105767070662,-0.0383521172789528
75,0.9979,125657962.7025957,52615660.98068285,19719.54702751652,-2161421.764613362,172840939.1284712,829938462.8736439,9.999969257517409e-09,-9.080267509209664e-13,-6.326038869733947e-13,1.3290094489782418e-12,1.2565873002105412,0.507369564768768,0.5080807730235445,-0.0008305320476382,-3.664208047379426e-13,5.211584563323056e-13,-3.288347689317864e-13,9.998227648234246e-09,0.0014678845425157,-0.0183315075850311,-0.0178041387418255,1.7280982918740508,2.2635077537366226e-13,1.0000444780843087e-08,9.999621919219577e-09,2.7471517734894728e-12,0.9807496224912589,16.59739159418784,16.600105767070662,-0.0383521172789528
76,0.9979,125657962.7025957,52615660.98068285,19719.54702751652,-2161421.764613362,172840939.1284712,829938462.8736439,9.999969257517409e-09,-9.080267509209664e-13,-6.326038869733947e-13,1.3290094489782418e-12,1.2565873002105412,0.507369564768768,0.5080807730235445,-0.0008305320476382,-3.664208047379426e-13,5.211584563323056e-13,-3.288347689317864e-13,9.998227648234246e-09,0.0014678845425157,-0.0183315075850311,-0.0178041387418255,1.7280982918740508,2.2635077537366226e-13,1.0000444780843087e-08,9.999621919219577e-09,2.7471517734894728e-12,0.9807496224912589,16.59739159418784,16.600105767070662,-0.0383521172789528
77,0.9979,125657962.7025957,52615660.98068285,19719.54702751652,-2161421.764613362,172840939.1284712,829938462.8736439,9.999969257517409e-09,-9.080267509209664e-13,-6.326038869733947e-13,1.3290094489782418e-12,1.2565873002105412,0.507369564768768,0.5080807730235445,-0.0008305320476382,-3.664208047379426e-13,5.211584563323056e-13,-3.288347689317864e-13,9.998227648234246e-09,0.0014678845425157,-0.0183315075850311,-0.0178041387418255,1.7280982918740508,2.2635077537366226e-13,1.0000444780843087e-08,9.999621919219577e-09,2.7471517734894728e-12,0.9807496224912589,16.59739159418784,16.600105767070662,-0.0383521172789528
78,0.9979,125657962.7025957,52615660.98068285,19719.54702751652,-2161421.764613362,172840939.1284712,829938462.8736439,9.999969257517409e-09,-9.080267509209664e-13,-6.326038869733947e-13,1.3290094489782418e-12,1.2565873002105412,0.507369564768768,0.5080807730235445,-0.0008305320476382,-3.664208047379426e-13,5.211584563323056e-13,-3.288347689317864e-13,9.998227648234246e-09,0.0014678845425157,-0.0183315075850311,-0.0178041387418255,1.7280982918740508,2.2635077537366226e-13,1.0000444780843087e-08,9.999621919219577e-09,2.7471517734894728e-12,0.9807496224912589,16.59739159418784,16.600105767070662,-0.0383521172789528
79,0.9979,125657962.7025957,52615660.98068285,19719.54702751652,-2161421.764613362,172840939.1284712,829938462.8736439,9.999969257517409e-09,-9.080267509209664e-13,-6.326038869733947e-13,1.3290094489782418e-12,1.2565873002105412,0.507369564768768,0.5080807730235445,-0.0008305320476382,-3.664208047379426e-13,5.211584563323056e-13,-3.288347689317864e-13,9.998227648234246e-09,0.0014678845425157,-0.0183315075850311,-0.0178041387418255,1.7280982918740508,2.2635077537366226e-13,1.0000444780843087e-08,9.999621919219577e-09,2.7471517734894728e-12,0.9807496224912589,16.59739159418784,16.600105767070662,-0.0383521172789528
80,0.9979,125657962.7025957,52615660.98068285,19719.54702751652,-2161421.764613362,172840939.1284712,829938462.8736439,9.999969257517409e-09,-9.080267509209664e-13,-6.326038869733947e-13,1.3290094489782418e-12,1.2565873002105412,0.507369564768768,0.5080807730235445,-0.0008305320476382,-3.664208047379426e-13,5.211584563323056e-13,-3.288347689317864e-13,9.998227648234246e-09,0.0014678845425157,-0.0183315075850311,-0.0178041387418255,1.7280982918740508,2.2635077537366226e-13,1.0000444780843087e-08,9.999621919219577e-09,2.7471517734894728e-12,0.9807496224912589,16.59739159418784,16.600105767070662,-0.0383521172789528
81,0.9979,125657962.7025957,52615660.98068285,19719.54702751652,-2161421.764613362,172840939.1284712,829938462.8736439,9.999969257517409e-09,-9.080267509209664e-13,-6.326038869733947e-13,1.3290094489782418e-12,1.2565873002105412,0.507369564768768,0.5080807730235445,-0.0008305320476382,-3.664208047379426e-13,5.211584563323056e-13,-3.288347689317864e-13,9.998227648234246e-09,0.0014678845425157,-0.0183315075850311,-0.0178041387418255,1.7280982918740508,2.2635077537366226e-13,1.0000444780843087e-08,9.999621919219577e-09,2.7471517734894728e-12,0.9807496224912589,16.59739159418784,16.600105767070662,-0.0383521172789528
82,0.9981,125626836.75054687,52538841.31698894,37200.05766775175,-2104410.2173577566,172793737.6667534,829953143.8563285,9.999782208075832e-09,-1.4288991264488648e-12,-6.563450946997297e-13,6.50026727632578e-13,1.256241177376575,0.5047419412788523,0.5054541838897304,-0.000651339879235,-1.9460584412450533e-13,-2.8510190446560477e-14,-1.345794884421153e-13,9.998599740812429e-09,0.0015917879531609,-0.017397601279929,-0.0168728006897588,1.727690499778637,3.0329993176619037e-15,1.0001415234804296e-08,9.999620421076473e-09,2.936047366865177e-12,0.9808044611283006,16.59846125877688,16.60117975379591,-0.0374583981191916
83,0.9981,125626836.75054687,52538841.31698894,37200.05766775175,-2104410.2173577566,172793737.6667534,829953143.8563285,9.999782208075832e-09,-1.4288991264488648e-12,-6.563450946997297e-13,6.50026727632578e-13,1.256241177376575,0.5047419412788523,0.5054541838897304,-0.000651339879235,-1.9460584412450533e-13,-2.8510190446560477e-14,-1.345794884421153e-13,9.998599740812429e-09,0.0015917879531609,-0.017397601279929,-0.0168728006897588,1.727690499778637,3.0329993176619037e-15,1.0001415234804296e-08,9.999620421076473e-09,2.936047366865177e-12,0.9808044611283006,16.59846125877688,16.60117975379591,-0.0374583981191916
84,0.9981,125626836.75054687,52538841.31698894,37200.05766775175,-2104410.2173577566,172793737.6667534,829953143.8563285,9.999782208075832e-09,-1.4288991264488648e-12,-6.563450946997297e-13,6.50026727632578e-13,1.256241177376575,0.5047419412788523,0.5054541838897304,-0.000651339879235,-1.9460584412450533e-13,-2.8510190446560477e-14,-1.345794884421153e-13,9.998599740812429e-09,0.0015917879531609,-0.017397601279929,-0.0168728006897588,1.727690499778637,3.0329993176619037e-15,1.0001415234804296e-08,9.999620421076473e-09,2.936047366865177e-12,0.9808044611283006,16.59846125877688,16.60117975379591,-0.0374583981191916
85,0.9981,125626836.75054687,52538841.31698894,37200.05766775175,-2104410.2173577566,172793737.6667534,829953143.8563285,9.999782208075832e-09,-1.4288991264488648e-12,-6.563450946997297e-13,6.50026727632578e-13,1.256241177376575,0.5047419412788523,0.5054541838897304,-0.000651339879235,-1.9460584412450533e-13,-2.8510190446560477e-14,-1.345794884421153e-13,9.998599740812429e-09,0.0015917879531609,-0.017397601279929,-0.0168728006897588,1.727690499778637,3.0329993176619037e-15,1.0001415234804296e-08,9.999620421076473e-09,2.936047366865177e-12,0.9808044611283006,16.59846125877688,16.60117975379591,-0.0374583981191916
86,0.9981,125626836.75054687,52538841.31698894,37200.05766775175,-2104410.2173577566,172793737.6667534,829953143.8563285,9.999782208075832e-09,-1.4288991264488648e-12,-6.563450946997297e-13,6.50026727632578e-13,1.256241177376575,0.5047419412788523,0.5054541838897304,-0.000651339879235,-1.9460584412450533e-13,-2.8510190446560477e-14,-1.345794884421153e-13,9.998599740812429e-09,0.0015917879531609,-0.017397601279929,-0.0168728006897588,1.727690499778637,3.0329993176619037e-15,1.0001415234804296e-08,9.999620421076473e-09,2.936047366865177e-12,0.9808044611283006,16.59846125877688,16.60117975379591,-0.0374583981191916
87,0.9981,125626836.75054687,52538841.31698894,37200.05766775175,-2104410.2173577566,172793737.6667534,829953143.8563285,9.999782208075832e-09,-1.4288991264488648e-12,-6.563450946997297e-13,6.50026727632578e-13,1.256241177376575,0.5047419412788523,0.5054541838897304,-0.000651339879235,-1.9460584412450533e-13,-2.8510190446560477e-14,-1.345794884421153e-13,9.998599740812429e-09,0.0015917879531609,-0.017397601279929,-0.0168728006897588,1.727690499778637,3.0329993176619037e-15,1.0001415234804296e-08,9.999620421076473e-09,2.936047366865177e-12,0.9808044611283006,16.59846125877688,16.60117975379591,-0.0374583981191916
88,0.9981,125626836.75054687,52538841.31698894,37200.05766775175,-2104410.2173577566,172793737.6667534,829953143.8563285,9.999782208075832e-09,-1.4288991264488648e-12,-6.563450946997297e-13,6.50026727632578e-13,1.256241177376575,0.5047419412788523,0.5054541838897304,-0.000651339879235,-1.9460584412450533e-13,-2.8510190446560477e-14,-1.345794884421153e-13,9.998599740812429e-09,0.0015917879531609,-0.017397601279929,-0.0168728006897588,1.727690499778637,3.0329993176619037e-15,1.0001415234804296e-08,9.999620421076473e-09,2.936047366865177e-12,0.9808044611283006,16.59846125877688,16.60117975379591,-0.0374583981191916
89,0.9986,125333757.45500244,47579363.70038838,-3863337.237072266,-67858952.84173772,65847437.413656496,755660506.11645,9.999684319136404e-09,-1.7755543128197157e-12,-7.795234866217164e-13,7.53112724968139e-13,1.2533127965812396,0.4593052764224599,0.4600924767189533,-0.039437191947608,-3.221318956923076e-13,4.907001532930524e-13,2.0581121890011506e-13,9.999079121936325e-09,-0.0376538596900525,-0.6374879860223044,-0.6361462469553996,0.6582497260284031,2.9380534711393214e-13,1.0001484769247336e-08,9.999623813347864e-09,2.5310205070795e-12,0.8863701227737765,15.111355635327946,15.116424346126763,-1.278521463631461
90,0.9986,125333757.45500244,47579363.70038838,-3863337.237072266,-67858952.84173772,65847437.413656496,755660506.11645,9.999684319136404e-09,-1.7755543128197157e-12,-7.795234866217164e-13,7.53112724968139e-13,1.2533127965812396,0.4593052764224599,0.4600924767189533,-0.039437191947608,-3.221318956923076e-13,4.907001532930524e-13,2.0581121890011506e-13,9.999079121936325e-09,-0.0376538596900525,-0.6374879860223044,-0.6361462469553996,0.6582497260284031,2.9380534711393214e-13,1.0001484769247336e-08,9.999623813347864e-09,2.5310205070795e-12,0.8863701227737765,15.111355635327946,15.116424346126763,-1.278521463631461
91,0.9986,125333757.45500244,47579363.70038838,-3863337.237072266,-67858952.84173772,65847437.413656496,755660506.11645,9.999684319136404e-09,-1.7755543128197157e-12,-7.795234866217164e-13,7.53112724968139e-13,1.2533127965812396,0.4593052764224599,0.4600924767189533,-0.039437191947608,-3.221318956923076e-13,4.907001532930524e-13,2.0581121890011506e-13,9.999079121936325e-09,-0.0376538596900525,-0.6374879860223044,-0.6361462469553996,0.6582497260284031,2.9380534711393214e-13,1.0001484769247336e-08,9.999623813347864e-09,2.5310205070795e-12,0.8863701227737765,15.111355635327946,15.116424346126763,-1.278521463631461
92,0.9986,125333757.45500244,47579363.70038838,-3863337.237072266,-67858952.84173772,65847437.413656496,755660506.11645,9.999684319136404e-09,-1.7755543128197157e-12,-7.795234866217164e-13,7.53112724968139e-13,1.2533127965812396,0.4593052764224599,0.4600924767189533,-0.039437191947608,-3.221318956923076e-13,4.907001532930524e-13,2.0581121890011506e-13,9.999079121936325e-09,-0.0376538596900525,-0.6374879860223044,-0.6361462469553996,0.6582497260284031,2.9380534711393214e-13,1.0001484769247336e-08,9.999623813347864e-09,2.5310205070795e-12,0.8863701227737765,15.111355635327946,15.116424346126763,-1.278521463631461
93,0.9986,125333757.45500244,47579363.70038838,-3863337.237072266,-67858952.84173772,65847437.413656496,755660506.11645,9.999684319136404e-09,-1.7755543128197157e-12,-7.795234866217164e-13,7.53112724968139e-13,1.2533127965812396,0.4593052764224599,0.4600924767189533,-0.039437191947608,-3.221318956923076e-13,4.907001532930524e-13,2.0581121890011506e-13,9.999079121936325e-09,-0.0376538596900525,-0.6374879860223044,-0.6361462469553996,0.6582497260284031,2.9380534711393214e-13,1.0001484769247336e-08,9.999623813347864e-09,2.5310205070795e-12,0.8863701227737765,15.111355635327946,15.116424346126763,-1.278521463631461
94,0.9986,125333757.45500244,47579363.70038838,-3863337.237072266,-67858952.84173772,65847437.413656496,755660506.11645,9.999684319136404e-09,-1.7755543128197157e-12,-7.795234866217164e-13,7.53112724968139e-13,1.2533127965812396,0.4593052764224599,0.4600924767189533,-0.039437191947608,-3.221318956923076e-13,4.907001532930524e-13,2.0581121890011506e-13,9.999079121936325e-09,-0.0376538596900525,-0.6374879860223044,-0.6361462469553996,0.6582497260284031,2.9380534711393214e-13,1.0001484769247336e-08,9.999623813347864e-09,2.5310205070795e-12,0.8863701227737765,15.111355635327946,15.116424346126763,-1.278521463631461
95,0.9986,125333757.45500244,47579363.70038838,-3863337.237072266,-67858952.84173772,65847437.413656496,755660506.11645,9.999684319136404e-09,-1.7755543128197157e-12,-7.795234866217164e-13,7.53112724968139e-13,1.2533127965812396,0.4593052764224599,0.4600924767189533,-0.039437191947608,-3.221318956923076e-13,4.907001532930524e-13,2.0581121890011506e-13,9.999079121936325e-09,-0.0376538596900525,-0.6374879860223044,-0.6361462469553996,0.6582497260284031,2.9380534711393214e-13,1.0001484769247336e-08,9.999623813347864e-09,2.5310205070795e-12,0.8863701227737765,15.111355635327946,15.116424346126763,-1.278521463631461
96,0.9986,125333757.45500244,47579363.70038838,-3863337.237072266,-67858952.84173772,65847437.413656496,755660506.11645,9.999684319136404e-09,-1.7755543128197157e-12,-7.795234866217164e-13,7.53112724968139e-13,1.2533127965812396,0.4593052764224599,0.4600924767189533,-0.039437191947608,-3.221318956923076e-13,4.907001532930524e-13,2.0581121890011506e-13,9.999079121936325e-09,-0.0376538596900525,-0.6374879860223044,-0.6361462469553996,0.6582497260284031,2.9380534711393214e-13,1.0001484769247336e-08,9.999623813347864e-09,2.5310205070795e-12,0.8863701227737765,15.111355635327946,15.116424346126763,-1.278521463631461
97,0.9986,125333757.45500244,47579363.70038838,-3863337.237072266,-67858952.84173772,65847437.413656496,755660506.11645,9.999684319136404e-09,-1.7755543128197157e-12,-7.795234866217164e-13,7.53112724968139e-13,1.2533127965812396,0.4593052764224599,0.4600924767189533,-0.039437191947608,-3.221318956923076e-13,4.907001532930524e-13,2.0581121890011506e-13,9.999079121936325e-09,-0.0376538596900525,-0.6374879860223044,-0.6361462469553996,0.6582497260284031,2.9380534711393214e-13,1.0001484769247336e-08,9.999623813347864e-09,2.5310205070795e-12,0.8863701227737765,15.111355635327946,15.116424346126763,-1.278521463631461
98,1.0,122639910.89833067,138686.3846500247,-6908.728707385085,-33.48407043033348,-1.1980068159159871,791306.6431417969,9.99956922853514e-09,-1.1529741671597922e-12,-1.084320307108784e-12,1.708076771513148e-12,1.2263462568580434,3.832757047089135e-10,0.001596210180585,8.581085962372232e-11,-1.678528637619319e-14,3.0260186282386323e-13,-9.38443411467002e-14,9.998500622470425e-09,7.136967095334285e-05,4.1963167106416654e-10,3.805217951478769e-07,2.2072161935003864e-10,-2.427618468559768e-13,1.0001335278819618e-08,1.0000908404133293e-08,4.021427488369477e-13,0.0029869370819706,-1.554273351903037e-09,0.0316551497579526,1.3824006092081612e-09
99,1.0,122639910.89833067,138686.3846500247,-6908.728707385085,-33.48407043033348,-1.1980068159159871,791306.6431417969,9.99956922853514e-09,-1.1529741671597922e-12,-1.084320307108784e-12,1.708076771513148e-12,1.2263462568580434,3.832757047089135e-10,0.001596210180585,8.581085962372232e-11,-1.678528637619319e-14,3.0260186282386323e-13,-9.38443411467002e-14,9.998500622470425e-09,7.136967095334285e-05,4.1963167106416654e-10,3.805217951478769e-07,2.2072161935003864e-10,-2.427618468559768e-13,1.0001335278819618e-08,1.0000908404133293e-08,4.021427488369477e-13,0.0029869370819706,-1.554273351903037e-09,0.0316551497579526,1.3824006092081612e-09
100,1.0,122639910.89833067,138686.3846500247,-6908.728707385085,-33.48407043033348,-1.1980068159159871,791306.6431417969,9.99956922853514e-09,-1.1529741671597922e-12,-1.084320307108784e-12,1.708076771513148e-12,1.2263462568580434,3.832757047089135e-10,0.001596210180585,8.581085962372232e-11,-1.678528637619319e-14,3.0260186282386323e-13,-9.38443411467002e-14,9.998500622470425e-09,7.136967095334285e-05,4.1963167106416654e-10,3.805217951478769e-07,2.2072161935003864e-10,-2.427618468559768e-13,1.0001335278819618e-08,1.0000908404133293e-08,4.021427488369477e-13,0.0029869370819706,-1.554273351903037e-09,0.0316551497579526,1.3824006092081612e-09
